raymxt,6396,145,#actionfigure #timkaciw #epun #sonba,https://www.tiktok.com/@raymxt/photo/7546462337838877959?is_from_webapp=1&sender_device=pc&web_id=7578832531647251986
hiitscora_,12.5K,44,"igoy duta asbun ðŸ˜­ðŸ˜­
#timkaciw #funnyvideos #livestreaming #youtuber #yourpage",https://www.tiktok.com/@hiitscora_/video/7576930676520258834?is_from_webapp=1&sender_device=pc&web_id=7578833012750861841
zorasaurus1,261,18,"Gak kerasa banget ditemenin hampir 2 tahun ðŸ¥ºðŸ¥¹
#xxgoy #apipyulistian #epun #sonalibaba",https://www.tiktok.com/@zorasaurus1/video/7578121760738954517?is_from_webapp=1&sender_device=pc&web_id=7578833012750861841
khaa_elo,13.9K,50,"tim kaciw dengan backroom nya
#timkaciw #xxgoy #epun #sonalibaba",https://www.tiktok.com/@khaa_elo/video/7549790772522913029?is_from_webapp=1&sender_device=pc&web_id=7578833012750861841
zorasaurus1,261,18,"Gak kerasa banget ditemenin hampir 2 tahun ðŸ¥ºðŸ¥¹
#xxgoy #apipyulistian #epun #sonalibaba",https://www.tiktok.com/@zorasaurus1/video/7578121760738954517?is_from_webapp=1&sender_device=pc&web_id=7578833656740873736
cliper_bapun,1724,14,"DARI KUDA JADI GODZILLA

(ðŸŽ® : GARTIC)

#xxgoy #apipyulistian #sonalibaba",https://www.tiktok.com/@cliper_bapun/video/7578405254652349714?is_from_webapp=1&sender_device=pc&web_id=7578833656740873736
khaa_elo,13.9K,50,"tim kaciw dengan backroom nya
#timkaciw #xxgoy #epun #sonalibaba",https://www.tiktok.com/@khaa_elo/video/7549790772522913029?is_from_webapp=1&sender_device=pc&web_id=7578833656740873736
